{"cameraMode":{"drawMode":0,"name":"Shaded","section":"Shading Mode"},"sceneLighting":false,"audioPlay":false,"sceneViewState":{"m_AlwaysRefresh":false,"showFog":true,"showSkybox":false,"showFlares":true,"showImageEffects":true,"showParticleSystems":true,"showVisualEffectGraphs":true,"m_FxEnabled":true},"in2DMode":false,"pivot":{"x":0.009859621524810791,"y":-0.3239675760269165,"z":0.08159536123275757},"rotation":{"x":-0.18470169603824616,"y":-0.1452709287405014,"z":0.027452465146780015,"w":-0.9717285633087158},"size":0.4453211724758148,"orthographic":false}