{"cameraMode":{"drawMode":0,"name":"Shaded","section":"Shading Mode"},"sceneLighting":false,"audioPlay":false,"sceneViewState":{"m_AlwaysRefresh":false,"showFog":true,"showSkybox":false,"showFlares":true,"showImageEffects":true,"showParticleSystems":true,"showVisualEffectGraphs":true,"m_FxEnabled":true},"in2DMode":false,"pivot":{"x":0.01711440086364746,"y":0.1423167586326599,"z":-0.5620740652084351},"rotation":{"x":0.006422650068998337,"y":-0.8749802708625794,"z":0.010516178794205189,"w":0.48449793457984927},"size":1.655957818031311,"orthographic":false}