{"cameraMode":{"drawMode":0,"name":"Shaded","section":"Shading Mode"},"sceneLighting":false,"audioPlay":false,"sceneViewState":{"m_AlwaysRefresh":false,"showFog":true,"showSkybox":false,"showFlares":true,"showImageEffects":true,"showParticleSystems":true,"showVisualEffectGraphs":true,"m_FxEnabled":true},"in2DMode":false,"pivot":{"x":0.12782835960388184,"y":0.6273592114448547,"z":-0.6339702606201172},"rotation":{"x":0.006731943227350712,"y":0.9898251891136169,"z":-0.0538785345852375,"w":0.13335147500038148},"size":1.7544546127319337,"orthographic":false}