{"cameraMode":{"drawMode":0,"name":"Shaded","section":"Shading Mode"},"sceneLighting":false,"audioPlay":false,"sceneViewState":{"m_AlwaysRefresh":false,"showFog":true,"showSkybox":false,"showFlares":true,"showImageEffects":true,"showParticleSystems":true,"showVisualEffectGraphs":true,"m_FxEnabled":true},"in2DMode":false,"pivot":{"x":4.387225151062012,"y":1.778247356414795,"z":-0.9774222373962402},"rotation":{"x":0.052791107445955279,"y":0.9066367149353027,"z":-0.11927729845046997,"w":0.40126410126686098},"size":7.924960136413574,"orthographic":false}