{"cameraMode":{"drawMode":0,"name":"Shaded","section":"Shading Mode"},"sceneLighting":false,"audioPlay":false,"sceneViewState":{"m_AlwaysRefresh":false,"showFog":true,"showSkybox":false,"showFlares":true,"showImageEffects":true,"showParticleSystems":true,"showVisualEffectGraphs":true,"m_FxEnabled":true},"in2DMode":false,"pivot":{"x":-1.5096027851104737,"y":0.946308970451355,"z":-0.6709368228912354},"rotation":{"x":-0.008214293047785759,"y":0.8770180344581604,"z":0.013965487480163575,"w":0.48068955540657046},"size":1.731677770614624,"orthographic":false}