{"cameraMode":{"drawMode":0,"name":"Shaded","section":"Shading Mode"},"sceneLighting":false,"audioPlay":false,"sceneViewState":{"m_AlwaysRefresh":false,"showFog":true,"showSkybox":false,"showFlares":true,"showImageEffects":true,"showParticleSystems":true,"showVisualEffectGraphs":true,"m_FxEnabled":true},"in2DMode":false,"pivot":{"x":-0.5285025835037231,"y":1.0524256229400635,"z":-0.9578307867050171},"rotation":{"x":-0.010244899429380894,"y":0.9883087277412415,"z":-0.07002340257167816,"w":-0.1368294060230255},"size":2.5993919372558595,"orthographic":false}