{"cameraMode":{"drawMode":0,"name":"Shaded","section":"Shading Mode"},"sceneLighting":false,"audioPlay":false,"sceneViewState":{"m_AlwaysRefresh":false,"showFog":true,"showSkybox":false,"showFlares":true,"showImageEffects":true,"showParticleSystems":true,"showVisualEffectGraphs":true,"m_FxEnabled":true},"in2DMode":false,"pivot":{"x":1.3859915733337403,"y":0.7449802160263062,"z":-1.072770118713379},"rotation":{"x":0.01106433104723692,"y":0.9847390055656433,"z":-0.07141289114952088,"w":0.15985164046287538},"size":3.298527717590332,"orthographic":false}