{"cameraMode":{"drawMode":0,"name":"Shaded","section":"Shading Mode"},"sceneLighting":true,"audioPlay":false,"sceneViewState":{"m_AlwaysRefresh":false,"showFog":true,"showSkybox":true,"showFlares":true,"showImageEffects":true,"showParticleSystems":true,"showVisualEffectGraphs":true,"m_FxEnabled":true},"in2DMode":false,"pivot":{"x":-114.05459594726563,"y":4.276821136474609,"z":-35.27629852294922},"rotation":{"x":-0.02302374504506588,"y":-0.13250525295734406,"z":-0.006609636824578047,"w":0.9914385676383972},"size":11.486286163330079,"orthographic":false}