{"cameraMode":{"drawMode":0,"name":"Shaded","section":"Shading Mode"},"sceneLighting":true,"audioPlay":false,"sceneViewState":{"m_AlwaysRefresh":false,"showFog":true,"showSkybox":true,"showFlares":true,"showImageEffects":true,"showParticleSystems":true,"showVisualEffectGraphs":true,"m_FxEnabled":true},"in2DMode":false,"pivot":{"x":-5.1722636222839359,"y":4.961431980133057,"z":1.8720359802246094},"rotation":{"x":0.1378868967294693,"y":-0.14322680234909059,"z":0.02020365558564663,"w":0.9798672199249268},"size":2.3261466026306154,"orthographic":false}