{"cameraMode":{"drawMode":0,"name":"Shaded","section":"Shading Mode"},"sceneLighting":false,"audioPlay":false,"sceneViewState":{"m_AlwaysRefresh":false,"showFog":true,"showSkybox":false,"showFlares":true,"showImageEffects":true,"showParticleSystems":true,"showVisualEffectGraphs":true,"m_FxEnabled":true},"in2DMode":false,"pivot":{"x":-0.3552795648574829,"y":1.0351576805114747,"z":0.16246163845062257},"rotation":{"x":0.05283096805214882,"y":-0.8984355330467224,"z":0.11271936446428299,"w":0.4210919439792633},"size":1.1706123352050782,"orthographic":false}