{"cameraMode":{"drawMode":0,"name":"Shaded","section":"Shading Mode"},"sceneLighting":false,"audioPlay":false,"sceneViewState":{"m_AlwaysRefresh":false,"showFog":true,"showSkybox":false,"showFlares":true,"showImageEffects":true,"showParticleSystems":true,"showVisualEffectGraphs":true,"m_FxEnabled":true},"in2DMode":false,"pivot":{"x":1.1920928955078126e-7,"y":0.8120445013046265,"z":-0.024813145399093629},"rotation":{"x":0.2539283335208893,"y":0.02881687693297863,"z":-0.00803658738732338,"w":0.967004656791687},"size":1.2172614336013795,"orthographic":false}