{"cameraMode":{"drawMode":0,"name":"Shaded","section":"Shading Mode"},"sceneLighting":false,"audioPlay":false,"sceneViewState":{"m_AlwaysRefresh":false,"showFog":true,"showSkybox":false,"showFlares":true,"showImageEffects":true,"showParticleSystems":true,"showVisualEffectGraphs":true,"m_FxEnabled":true},"in2DMode":false,"pivot":{"x":-0.5619690418243408,"y":0.47602570056915285,"z":0.14112967252731324},"rotation":{"x":-0.0719601958990097,"y":0.7602551579475403,"z":-0.08465495705604553,"w":-0.6404284238815308},"size":1.6354126930236817,"orthographic":false}